{"cameraMode":{"drawMode":0,"name":"Shaded","section":"Shading Mode"},"sceneLighting":false,"audioPlay":false,"sceneViewState":{"m_AlwaysRefresh":false,"showFog":true,"showSkybox":true,"showFlares":true,"showImageEffects":true,"showParticleSystems":true,"showVisualEffectGraphs":true,"m_FxEnabled":false},"in2DMode":false,"pivot":{"x":0.10740935802459717,"y":0.7666521072387695,"z":0.38573822379112246},"rotation":{"x":0.07721671462059021,"y":0.9130702018737793,"z":-0.20495663583278657,"w":0.34399598836898806},"size":2.3660292625427248,"orthographic":false}